image,tag
00002-3228-30_SF.jpg,capsule blue white
1292.jpg,capsule blue white
2283.jpg,capsule blue white
3598.jpg,capsule blue white
588.jpg,capsule blue white
00002-3229-30_SF.jpg,capsule blue blue
1685.jpg,capsule blue blue
3321.jpg,capsule blue blue
630.jpg,capsule blue blue
947.jpg,capsule blue blue
00002-3238-30_SF.jpg,capsule gold white
1098.jpg,capsule gold white
4805.jpg,capsule gold white
787.jpg,capsule gold white
984.jpg,capsule gold white
00002-3239-30_SF.jpg,capsule blue yellow
1274.jpg,capsule blue yellow
1871.jpg,capsule blue yellow
2520.jpg,capsule blue yellow
340.jpg,capsule blue yellow
00002-3250-30_SF.jpg,capsule brown white
1626.jpg,capsule brown white
3164.jpg,capsule brown white
4100.jpg,capsule brown white
4345.jpg,capsule brown white
00002-3251-30_SF.jpg,capsule brown brown
1644.jpg,capsule brown brown
2991.jpg,capsule brown brown
3286.jpg,capsule brown brown
86.jpg,capsule brown brown
00002-4463-30_SF.jpg,tablet yellow yellow
138.jpg,tablet yellow yellow
1419.jpg,tablet yellow yellow
3644.jpg,tablet yellow yellow
3766.jpg,tablet yellow yellow
00002-4464-30_SF.jpg,tablet yellow yellow
2737.jpg,tablet yellow yellow
3917.jpg,tablet yellow yellow
614.jpg,tablet yellow yellow
719.jpg,tablet yellow yellow
00003-4222-16_SF.jpg,tablet yellow yellow
1425.jpg,tablet yellow yellow
333.jpg,tablet yellow yellow
3425.jpg,tablet yellow yellow
3875.jpg,tablet yellow yellow
00004-0800-85_SF.jpg,capsule white yellow
4386.jpg,capsule white yellow
4944.jpg,capsule white yellow
76.jpg,capsule white yellow
772.jpg,capsule white yellow
00006-0112-54_SF.jpg,tablet beige beige
1940.jpg,tablet beige beige
2415.jpg,tablet beige beige
412.jpg,tablet beige beige
4133.jpg,tablet beige beige
00006-0277-54_SF.jpg,tablet beige beige
2347.jpg,tablet beige beige
3683.jpg,tablet beige beige
381.jpg,tablet beige beige
861.jpg,tablet beige beige
00006-0749-54_SF.jpg,tablet pink pink
2566.jpg,tablet pink pink
348.jpg,tablet pink pink
3995.jpg,tablet pink pink
4159.jpg,tablet pink pink
00007-4471-20_SF.jpg,tablet red red
1193.jpg,tablet red red
1711.jpg,tablet red red
3197.jpg,tablet red red
75.jpg,tablet red red
00007-4642-13_SF.jpg,tablet pink pink
1760.jpg,tablet pink pink
3190.jpg,tablet pink pink
4341.jpg,tablet pink pink
4559.jpg,tablet pink pink
00007-4882-13_SB.jpg,tablet green green
00007-4882-13_SF.jpg,tablet green green
1066.jpg,tablet green green
1462.jpg,tablet green green
2306.jpg,tablet green green
00007-4891-20_SB.jpg,tablet yellow yellow
1605.jpg,tablet yellow yellow
2686.jpg,tablet yellow yellow
36.jpg,tablet yellow yellow
620.jpg,tablet yellow yellow
00007-4892-20_SB.jpg,tablet green green
1464.jpg,tablet green green
3201.jpg,tablet green green
4527.jpg,tablet green green
4589.jpg,tablet green green
00007-4893-20_SB.jpg,tablet pink pink
1116.jpg,tablet pink pink
2549.jpg,tablet pink pink
3633.jpg,tablet pink pink
3818.jpg,tablet pink pink
00007-4896-20_SB.jpg,tablet brown brown
201.jpg,tablet brown brown
3520.jpg,tablet brown brown
3595.jpg,tablet brown brown
773.jpg,tablet brown brown
00009-0055-01_SF.jpg,tablet orange orange
1417.jpg,tablet orange orange
1914.jpg,tablet orange orange
2530.jpg,tablet orange orange
3879.jpg,tablet orange orange
00009-7663-04_SF.jpg,tablet white white
1513.jpg,tablet white white
1555.jpg,tablet white white
257.jpg,tablet white white
3972.jpg,tablet white white
00013-5301-17_SF.jpg,capsule brown brown
1246.jpg,capsule brown brown
26.jpg,capsule brown brown
667.jpg,capsule brown brown
956.jpg,capsule brown brown
00023-9350-07_SF.jpg,capsule orange white
111.jpg,capsule orange white
1686.jpg,capsule orange white
3427.jpg,capsule orange white
4806.jpg,capsule orange white
00029-3159-13_SB.jpg,tablet orange orange
2048.jpg,tablet orange orange
4473.jpg,tablet orange orange
708.jpg,tablet orange orange
794.jpg,tablet orange orange
00037-2250-10_SF.jpg,tablet white white
1487.jpg,tablet white white
2949.jpg,tablet white white
3920.jpg,tablet white white
4917.jpg,tablet white white
00049-4910-30_SB.jpg,tablet yellow yellow
2702.jpg,tablet yellow yellow
3189.jpg,tablet yellow yellow
3808.jpg,tablet yellow yellow
4319.jpg,tablet yellow yellow
00054-0017-25_SF.jpg,tablet white white
174.jpg,tablet white white
2047.jpg,tablet white white
2474.jpg,tablet white white
4928.jpg,tablet white white
00054-0109-25_SF.jpg,capsule blue blue
1568.jpg,capsule blue blue
1832.jpg,capsule blue blue
289.jpg,capsule blue blue
3635.jpg,capsule blue blue
00054-0166-25_SF.jpg,tablet white white
285.jpg,tablet white white
3326.jpg,tablet white white
3949.jpg,tablet white white
63.jpg,tablet white white
00054-2526-25_SF.jpg,capsule white white
1094.jpg,capsule white white
1695.jpg,capsule white white
256.jpg,capsule white white
441.jpg,capsule white white
00054-4182-25_SF.jpg,tablet pink pink
1176.jpg,tablet pink pink
1868.jpg,tablet pink pink
4618.jpg,tablet pink pink
4642.jpg,tablet pink pink
00054-4728-25_SF.jpg,tablet white white
1090.jpg,tablet white white
1216.jpg,tablet white white
2696.jpg,tablet white white
2885.jpg,tablet white white
00056-0170-70_SF.jpg,tablet purple purple
2507.jpg,tablet purple purple
2577.jpg,tablet purple purple
2640.jpg,tablet purple purple
3941.jpg,tablet purple purple
00078-0486-15_SF.jpg,tablet red red
1816.jpg,tablet red red
2657.jpg,tablet red red
3386.jpg,tablet red red
476.jpg,tablet red red
00078-0360-34_SF.jpg,tablet purple purple
1536.jpg,tablet purple purple
1804.jpg,tablet purple purple
1957.jpg,tablet purple purple
4365.jpg,tablet purple purple
00078-0359-34_SF.jpg,tablet orange orange
1795.jpg,tablet orange orange
2159.jpg,tablet orange orange
3272.jpg,tablet orange orange
3856.jpg,tablet orange orange
00078-0358-34_SF.jpg,tablet red red
1107.jpg,tablet red red
1638.jpg,tablet red red
2578.jpg,tablet red red
991.jpg,tablet red red
00075-7700-60_SF.jpg,tablet white white
2233.jpg,tablet white white
2824.jpg,tablet white white
3971.jpg,tablet white white
455.jpg,tablet white white
00074-9296-90_SF.jpg,tablet pink pink
1332.jpg,tablet pink pink
1788.jpg,tablet pink pink
2435.jpg,tablet pink pink
4467.jpg,tablet pink pink
00074-9189-90_SF.jpg,capsule blue yellow
1710.jpg,capsule blue yellow
2222.jpg,capsule blue yellow
283.jpg,capsule blue yellow
596.jpg,capsule blue yellow
00074-7149-90_SF.jpg,tablet green green
3138.jpg,tablet green green
3446.jpg,tablet green green
4874.jpg,tablet green green
4954.jpg,tablet green green
00074-7070-90_SF.jpg,tablet purple purple
1201.jpg,tablet purple purple
1345.jpg,tablet purple purple
1704.jpg,tablet purple purple
2745.jpg,tablet purple purple
00074-7068-19_SF.jpg,tablet brown brown
2709.jpg,tablet brown brown
362.jpg,tablet brown brown
4068.jpg,tablet brown brown
4178.jpg,tablet brown brown
00074-6594-90_SF.jpg,tablet green green
1062.jpg,tablet green green
2879.jpg,tablet green green
3341.jpg,tablet green green
3825.jpg,tablet green green
00074-6122-90_SF.jpg,tablet yellow yellow
28.jpg,tablet yellow yellow
3506.jpg,tablet yellow yellow
4000.jpg,tablet yellow yellow
611.jpg,tablet yellow yellow
00074-5182-19_SF.jpg,tablet purple purple
2106.jpg,tablet purple purple
3099.jpg,tablet purple purple
451.jpg,tablet purple purple
57.jpg,tablet purple purple
00074-3290-13_SF.jpg,tablet brown brown
1071.jpg,tablet brown brown
3429.jpg,tablet brown brown
3731.jpg,tablet brown brown
937.jpg,tablet brown brown
00074-3040-11_SF.jpg,tablet white white
1252.jpg,tablet white white
2570.jpg,tablet white white
3665.jpg,tablet white white
602.jpg,tablet white white
00074-3020-11_SB.jpg,tablet red red
1807.jpg,tablet red red
1915.jpg,tablet red red
3241.jpg,tablet red red
4104.jpg,tablet red red
00074-1973-54_SF.jpg,tablet white white
1552.jpg,tablet white white
1603.jpg,tablet white white
2777.jpg,tablet white white
4879.jpg,tablet white white
00071-1017-68_SF.jpg,capsule orange orange
2659.jpg,capsule orange orange
2863.jpg,capsule orange orange
3918.jpg,capsule orange orange
4548.jpg,capsule orange orange
00071-1015-68_SF.jpg,capsule orange orange
1979.jpg,capsule orange orange
2983.jpg,capsule orange orange
3657.jpg,capsule orange orange
4588.jpg,capsule orange orange
00071-0419-24_SF.jpg,tablet white white
2660.jpg,tablet white white
4264.jpg,tablet white white
4572.jpg,tablet white white
4937.jpg,tablet white white
00071-0156-23_SF.jpg,tablet white white
136.jpg,tablet white white
331.jpg,tablet white white
4354.jpg,tablet white white
728.jpg,tablet white white
00069-2600-66_SF.jpg,capsule orange orange
2370.jpg,capsule orange orange
4919.jpg,capsule orange orange
815.jpg,capsule orange orange
830.jpg,capsule orange orange
00069-4210-30_SF.jpg,tablet blue blue
1137.jpg,tablet blue blue
3207.jpg,tablet blue blue
3762.jpg,tablet blue blue
850.jpg,tablet blue blue
00071-0155-23_SB.jpg,tablet white white
1001.jpg,tablet white white
2088.jpg,tablet white white
2723.jpg,tablet white white
4876.jpg,tablet white white
00069-1540-68_SF.jpg,tablet white white
1658.jpg,tablet white white
2923.jpg,tablet white white
322.jpg,tablet white white
3251.jpg,tablet white white
00062-2085-12_SF.jpg,tablet white white
1330.jpg,tablet white white
1681.jpg,tablet white white
3058.jpg,tablet white white
3591.jpg,tablet white white
00056-0188-70_SF.jpg,tablet tan tan
405.jpg,tablet tan tan
4422.jpg,tablet tan tan
616.jpg,tablet tan tan
998.jpg,tablet tan tan
00056-0176-70_SF.jpg,tablet green green
118.jpg,tablet green green
3725.jpg,tablet green green
4228.jpg,tablet green green
4528.jpg,tablet green green
00078-0521-15_SF.jpg,tablet white white
142.jpg,tablet white white
3447.jpg,tablet white white
4392.jpg,tablet white white
924.jpg,tablet white white
00093-0012-98_SF.jpg,tablet yellow yellow
1103.jpg,tablet yellow yellow
1281.jpg,tablet yellow yellow
1616.jpg,tablet yellow yellow
1744.jpg,tablet yellow yellow
00093-0011-98_SF.jpg,tablet yellow yellow
1819.jpg,tablet yellow yellow
2133.jpg,tablet yellow yellow
2164.jpg,tablet yellow yellow
628.jpg,tablet yellow yellow
00085-1322-01_SF.jpg,tablet blue white
3246.jpg,tablet blue white
4517.jpg,tablet blue white
467.jpg,tablet blue white
491.jpg,tablet blue white
00078-0574-15_SF.jpg,tablet brown brown
1272.jpg,tablet brown brown
1842.jpg,tablet brown brown
2469.jpg,tablet brown brown
3464.jpg,tablet brown brown
00078-0572-15_SF.jpg,tablet red red
1416.jpg,tablet red red
1523.jpg,tablet red red
2982.jpg,tablet red red
303.jpg,tablet red red
00093-0017-01_SF.jpg,tablet pink pink
151.jpg,tablet pink pink
192.jpg,tablet pink pink
230.jpg,tablet pink pink
2673.jpg,tablet pink pink
00093-0026-01_SF.jpg,tablet yellow yellow
1894.jpg,tablet yellow yellow
2833.jpg,tablet yellow yellow
3229.jpg,tablet yellow yellow
428.jpg,tablet yellow yellow
00093-0027-01_SF.jpg,tablet white white
1580.jpg,tablet white white
4947.jpg,tablet white white
534.jpg,tablet white white
917.jpg,tablet white white
00093-0028-01_SF.jpg,tablet pink pink
1013.jpg,tablet pink pink
1643.jpg,tablet pink pink
281.jpg,tablet pink pink
3199.jpg,tablet pink pink
00093-0029-01_SF.jpg,tablet orange orange
3783.jpg,tablet orange orange
4952.jpg,tablet orange orange
4960.jpg,tablet orange orange
967.jpg,tablet orange orange
00093-0039-01_SF.jpg,tablet white white
259.jpg,tablet white white
3399.jpg,tablet white white
3652.jpg,tablet white white
3831.jpg,tablet white white
00093-0041-65_SF.jpg,tablet white white
1261.jpg,tablet white white
2356.jpg,tablet white white
42.jpg,tablet white white
525.jpg,tablet white white
00093-0051-01_SB.jpg,tablet white white
00093-0051-01_SF.jpg,tablet white white
00093-0051-01_SF2.jpg,tablet white white
1741.jpg,tablet white white
2629.jpg,tablet white white
3231.jpg,tablet white white
3375.jpg,tablet white white
4629.jpg,tablet white white
4961.jpg,tablet white white
560.jpg,tablet white white
00093-0054-01_SF.jpg,tablet white white
3104.jpg,tablet white white
387.jpg,tablet white white
765.jpg,tablet white white
864.jpg,tablet white white
00093-0058-05_SF.jpg,tablet white white
210.jpg,tablet white white
3014.jpg,tablet white white
309.jpg,tablet white white
978.jpg,tablet white white
00093-0076-01_SF_159.jpg,tablet yellow yellow
1324.jpg,tablet yellow yellow
323.jpg,tablet yellow yellow
4330.jpg,tablet yellow yellow
4635.jpg,tablet yellow yellow
00093-0083-98_SB.jpg,tablet white white
00093-0083-98_SF.jpg,tablet white white
2184.jpg,tablet white white
2700.jpg,tablet white white
4717.jpg,tablet white white
00093-0090-01_SB.jpg,tablet white white
00093-0090-01_SF.jpg,tablet white white
232.jpg,tablet white white
2454.jpg,tablet white white
3304.jpg,tablet white white
00093-0109-01_SF.jpg,tablet white white
2818.jpg,tablet white white
442.jpg,tablet white white
92.jpg,tablet white white
980.jpg,tablet white white
00093-0132-01_SB.jpg,tablet white white
1754.jpg,tablet white white
2674.jpg,tablet white white
3885.jpg,tablet white white
4751.jpg,tablet white white
00093-0135-01_SB2.jpg,tablet white white
00093-0135-01_SF.jpg,tablet white white
00093-0135-01_SF2.jpg,tablet white white
2323.jpg,tablet white white
2487.jpg,tablet white white
3691.jpg,tablet white white
4036.jpg,tablet white white
4185.jpg,tablet white white
51.jpg,tablet white white
809.jpg,tablet white white
00093-0147-01_SB_172.jpg,tablet red red
00093-0147-01_SF_173.jpg,tablet red red
2532.jpg,tablet red red
4094.jpg,tablet red red
989.jpg,tablet red red
00093-0148-01_SB_174.jpg,tablet orange orange
00093-0148-01_SF_175.jpg,tablet orange orange
2456.jpg,tablet orange orange
3737.jpg,tablet orange orange
4598.jpg,tablet orange orange
00093-0149-01_SB2.jpg,tablet pink pink
00093-0149-01_SF.jpg,tablet pink pink
00093-0149-01_SF2.jpg,tablet pink pink
1514.jpg,tablet pink pink
1727.jpg,tablet pink pink
240.jpg,tablet pink pink
2533.jpg,tablet pink pink
3771.jpg,tablet pink pink
3830.jpg,tablet pink pink
654.jpg,tablet pink pink
00093-0154-01_SB.jpg,tablet white white
00093-0154-01_SF.jpg,tablet white white
3402.jpg,tablet white white
3685.jpg,tablet white white
955.jpg,tablet white white
00093-0155-06_SB.jpg,tablet white white
00093-0155-06_SF.jpg,tablet white white
4176.jpg,tablet white white
4563.jpg,tablet white white
889.jpg,tablet white white
00093-0173-56_SB_184.jpg,tablet white white
00093-0173-56_SF_185.jpg,tablet white white
1578.jpg,tablet white white
2203.jpg,tablet white white
3291.jpg,tablet white white
00093-0174-56_SB.jpg,tablet yellow yellow
00093-0174-56_SF.jpg,tablet yellow yellow
4175.jpg,tablet yellow yellow
4214.jpg,tablet yellow yellow
4279.jpg,tablet yellow yellow
00093-0199-01_SB2.jpg,tablet orange orange
00093-0199-01_SF.jpg,tablet orange orange
121.jpg,tablet orange orange
1497.jpg,tablet orange orange
1571.jpg,tablet orange orange
1818.jpg,tablet orange orange
2460.jpg,tablet orange orange
2637.jpg,tablet orange orange
2841.jpg,tablet orange orange
384.jpg,tablet orange orange
00093-0220-56_SB.jpg,tablet white white
00093-0220-56_SF.jpg,tablet white white
1980.jpg,tablet white white
3034.jpg,tablet white white
4484.jpg,tablet white white
00093-0221-06_SB.jpg,tablet yellow yellow
00093-0221-06_SF.jpg,tablet yellow yellow
1280.jpg,tablet yellow yellow
1556.jpg,tablet yellow yellow
2276.jpg,tablet yellow yellow
00093-0225-06_SB.jpg,tablet orange orange
00093-0225-06_SF.jpg,tablet orange orange
176.jpg,tablet orange orange
1936.jpg,tablet orange orange
4930.jpg,tablet orange orange
00093-0233-56_SB.jpg,tablet white white
00093-0233-56_SF.jpg,tablet white white
2537.jpg,tablet white white
3711.jpg,tablet white white
4262.jpg,tablet white white
00093-0308-01_SF.jpg,tablet white white
159.jpg,tablet white white
2401.jpg,tablet white white
3335.jpg,tablet white white
655.jpg,tablet white white
00093-0311-01_SB.jpg,capsule brown yellow
00093-0311-01_SF.jpg,capsule brown yellow
3090.jpg,capsule brown yellow
4087.jpg,capsule brown yellow
4096.jpg,capsule brown yellow
00093-0314-01_SB.jpg,tablet white white
00093-0314-01_SF.jpg,tablet white white
363.jpg,tablet white white
365.jpg,tablet white white
3748.jpg,tablet white white
68382-0001-16_DE086F73.jpg,tablet white
10144-0606-15_FA1DFD0F.jpg,capsule blue
50844-0519-02_NLMIMAGE10_D538EA97.jpg,capsule red blue
68180-0520-02_16088B04.jpg,tablet tan
68382-0114-05_NLMIMAGE10_C13F609B.jpg,tablet white
65862-0144-01_5E212F49.jpg,tablet white
68180-0568-01_NLMIMAGE10_9741CB8E.jpg,tablet beige
68382-0113-05_NLMIMAGE10_553D2AD9.jpg,tablet red
63304-0693-01_F7267BB3.jpg,capsule blue
68382-0058-01_251292D4.jpg,tablet yellow
00378-0147-05_250812A0.jpg,capsule green
65862-0064-01_252392CC.jpg,tablet white
00093-7335-06_C526E2A7.jpg,capsule white
68382-0053-01_3D129ED4.jpg,tablet tan
780600.jpg,tablet white
65862-0584-01_NLMIMAGE10_6439B24D.jpg,capsule pink
47335-0673-81_NLMIMAGE10_5A402D11.jpg,capsule green
68382-0023-01_452022C1.jpg,tablet white
55111-0587-01_NLMIMAGE10_FB3AFD97.jpg,capsule orange white
00173-0824-18_DD196EFB.jpg,capsule white
00093-7436-01_8D3046B2.jpg,capsule orange  
00228-2067-10_C11B60FB.jpg,capsule pink
780611.jpg,tablet beige
00781-2248-01_NLMIMAGE10_3245996C.jpg,capsule blue
55111-0339-01_6D03B6BD.jpg,capsule yellow white
00781-2020-05_D812EC47.jpg,capsule brown
3780045.jpg,tablet white
68382-0096-05_NLMIMAGE10_F8407C03.jpg,tablet white
780449.jpg,tablet pink
00093-7384-56_PART_1_OF_1_SPLIMAGE30_052F829C.jpg,capsule grey white
68382-0099-06_D6086B23.jpg,tablet white
16252-0569-60_A70ED396.jpg,capsule white
65862-0154-30_B71C5BD2.jpg,tablet yellow
65862-0063-99_CF1D67FB.jpg,tablet pink
68180-0554-09_NLMIMAGE10_9B474DBA.jpg,tablet beige
00781-2325-10_1D080E80.jpg,capsule green
47335-0676-13_NLMIMAGE10_5739ABBD.jpg,capsule blue
00228-2779-11_3F211FE8.jpg,capsule yellow    
3780047.jpg,tablet white
00173-0991-55splimage30-d7196Bcb.jpg,capsule blue
68180-0557-09_C20E6163.jpg,tablet tan
55111-0340-01_7303B98D.jpg,capsule orange white
10337-0815-06_7203B95D.jpg,capsule beige
00093-7334-01_A929548A.jpg,capsule blue orange
55111-0355-60_NLMIMAGE10_783CBC65.jpg,capsule red orange
00781-2855-60_A90ED4E6.jpg,capsule brown
68382-0024-01_A12050B2.jpg,tablet white
00173-0712-02_splimage30_32191978.jpg,capsule yellow
00093-7542-06_NLMIMAGE10_4638A355.jpg,capsule green
00781-2076-01_NLMIMAGE10_143E8A04.jpg,capsule tan yellow
780448.jpg,tablet yellow
65862-0098-01_BC16DE56.jpg,tablet white
55111-0399-90_NLMIMAGE10_B23BD95E.jpg,capsule tan black
68382-0019-01_F8127C53.jpg,tablet beige
65649-0301-03_951DCAFE.jpg,tablet orange
68180-0519-02_19088CB4.jpg,tablet beige
68382-0055-01_35129A84.jpg,tablet blue
68180-0559-09_C00E6013.jpg,tablet beige
00186-5020-31_C71B63CB.jpg,capsule purple
64455-0796-42_BB135DEA.jpg,capsule blue
780596.jpg,tablet white
68382-0056-10_1F128FD4.jpg,tablet beige
51079-0924-20_NLMIMAGE10_0F3E87C4.jpg,capsule orange white
00781-2053-01_521E2911.jpg,capsule pink
65862-0054-30_C12160FB.jpg,tablet beige
00093-7437-01_80304022.jpg,capsule orange
00093-6450-56_NLMIMAGE10_C542E2E7.jpg,capsule blue
3780080.jpg,tablet white
3100134.jpg,tablet yellow
65862-0583-01_NLMIMAGE10_6039B03D.jpg,capsule orange
16714-0663-01_3F159FCC.jpg,capsule beige
68382-0022-01_59202C81.jpg,tablet white
68382-0097-06_D2086973.jpg,tablet white
00781-2054-01_A30ED1E6.jpg,capsule blue
876070.jpg,tablet white
00781-2148-01_NLMIMAGE10_6240B125.jpg,capsule white
65862-0082-05_NLMIMAGE10_00468004.jpg,tablet yellow
68382-0052-01_3B129D84.jpg,tablet pink
65862-0199-05_10080850.jpg,capsule yellow
00781-2051-01_9A0ECD66.jpg,capsule white
62756-0259-02_NLMIMAGE10_F6387B03.jpg,capsule white grey
780597.jpg,tablet white
881111.jpg,tablet white
65862-0155-30_FF23FFEF.jpg,tablet pink
49230-0640-21_C81C6413.jpg,capsule blue white
3100600.jpg,tablet white
65862-0587-01_NLMIMAGE10_33489994.jpg,capsule blue
68180-0518-01_070883B4.jpg,tablet blue
00781-2233-01_NLMIMAGE10_70493869.jpg,capsule white
3100145.jpg,tablet orange
55111-0395-30_NLMIMAGE10_C14060D3.jpg,capsule green white
00093-7386-56_SPLIMAGE30_092F84AC.jpg,capsule orange
780598.jpg,tablet white
65862-0185-01_NLMIMAGE10_5A442D11.jpg,capsule blue green
65862-0077-01_6408B265.jpg,tablet white
68382-0065-16_310E9884.jpg,tablet white
65862-0062-01_FB23FDDF.jpg,tablet white
68180-0558-09_BC0E5E62.jpg,tablet beige
65862-0193-99_E40E7213.jpg,capsule green white
68382-0112-14_NLMIMAGE10_4C3D2629.jpg,tablet orange
65862-0017-01_04080220.jpg,capsule black pink
780599.jpg,tablet white
68382-0003-01_011300E8.jpg,tablet yellow
68382-0041-01_740E3A71.jpg,tablet white
55111-0259-60_NLMIMAGE10_813CC0E6.jpg,capsule blue pink
68382-0054-01_2B1295D4.jpg,tablet brown
65862-0008-99_NLMIMAGE10_B044D816.jpg,tablet white
65862-0081-05_NLMIMAGE10_E83EF427.jpg,tablet pink
68382-0080-01_8407C20E.jpg,tablet white
55111-0257-60_NLMIMAGE10_7D473EB9.jpg,capsule purple blue
3100201.jpg,tablet white
68382-0057-01_23129184.jpg,tablet green
3780040.jpg,tablet orange
512850410.jpg,tablet yellow
604290754.jpg,tablet white
604290748.jpg,tablet yellow
51285043165part1of4.jpg,tablet pink
633040773.jpg,tablet white
512850408.jpg,tablet red
51285075402.jpg,capsule orange
512850407.jpg,tablet beige
634020190.jpg,tablet blue
51285055402.jpg,capsule blue white
512850424.jpg,tablet white
604290742.jpg,tablet white
tablets.jpg,tablet yellow
604290758.jpg,tablet white
604290753.jpg,tablet white
68546022956.jpg,tablet white
50111047001.jpg,tablet pink
604290757.jpg,tablet white
764390308.jpg,tablet white
50111043401.jpg,tablet white
51285036901.jpg,tablet pink
604290625.jpg,tablet orange
604290623.jpg,tablet white
604290750.jpg,tablet white
512850594.jpg,tablet yellow
50111091801.jpg,tablet white
63459020530.jpg,tablet white
63459021530.jpg,tablet white
633040774.jpg,tablet yellow
604290621.jpg,tablet white
604290572.jpg,tablet white
604290759.jpg,tablet yellow
633040792.jpg,tablet pink
50111032701.jpg,tablet orange
63459040430.jpg,tablet yellow
63459070060.jpg,capsule orange
512850444.jpg,tablet blue
63459040230.jpg,tablet orange
50111047101.jpg,tablet yellow
634020191.jpg,tablet white
634020193.jpg,tablet blue
50111044101.jpg,tablet white
512850442.jpg,tablet red
634810627.jpg,tablet pink
634810621.jpg,tablet orange
604290622.jpg,tablet white
57844020852.jpg,capsule orange
764390309.jpg,tablet white
51285043165part2of4.jpg,tablet purple
992070462.jpg,tablet orange
604290567.jpg,tablet pink
604290620.jpg,tablet white
604290749.jpg,tablet white
57844018701.jpg,tablet white
63459022530.jpg,tablet white
capsules.jpg,capsule orange white
51285005002.jpg,tablet orange
PILLIMAGE500MG.jpg,tablet white
52544038428part2of2.jpg,tablet white
604290573.jpg,tablet white
633040905.jpg,tablet blue
51285036601.jpg,tablet green
PILLIMAGE750MG.jpg,tablet orange
512850446.jpg,tablet orange
992070464.jpg,tablet green
51285036701.jpg,tablet blue
604290570.jpg,tablet green
50111046801.jpg,tablet blue
512850441.jpg,tablet green
512850443.jpg,tablet white
63459022030.jpg,tablet white
604290581.jpg,tablet white
604290624.jpg,tablet green
633040904.jpg,tablet blue
50111091701.jpg,tablet white
51285053902.jpg,capsule blue orange
512850942.jpg,tablet white
634810628.jpg,tablet orange
634810629.jpg,tablet yellow
63459054628.jpg,tablet white
604290700.jpg,tablet white
604290760.jpg,tablet orange
68546014256.jpg,tablet white
633040793.jpg,tablet orange
50111046901.jpg,tablet green
51285036801.jpg,tablet red
63459054828.jpg,tablet white
633040791.jpg,tablet orange
50111046701.jpg,tablet orange
50111032801.jpg,tablet orange
57844069298.jpg,tablet white
633950201.jpg,capsule white
764390307.jpg,tablet white
604290740.jpg,capsule orange
604290751.jpg,tablet white
634810622.jpg,tablet yellow
634810623.jpg,tablet blue
51285004001.jpg,tablet white
51285006390part1of2.jpg,tablet orange
633040763.jpg,tablet pink
51285013197.jpg,tablet yellow
50111091601.jpg,tablet white
51285004702.jpg,tablet orange
52544038428part1of2.jpg,tablet beige
63459070160.jpg,capsule orange blue
7811358.jpg,tablet white
7811228.jpg,tablet beige
7811034.jpg,tablet pink
4069923.jpg,capsule red
4065755.jpg,tablet white
4068530.jpg,tablet blue
9046141.jpg,tablet orange
7811619.jpg,tablet pink
7811397.jpg,tablet green
7811398.jpg,tablet red
7811223.jpg,tablet white
9042725.jpg,tablet white
7811655.jpg,tablet white
4068515.jpg,tablet green
4069914.jpg,capsule blue
9042924.jpg,tablet white
4068390.jpg,tablet white
6771981.jpg,capsule orange
4069908.jpg,capsule yellow
7811053.jpg,tablet purple
8320301.jpg,tablet orange
7773107.jpg,capsule green orange
4069915.jpg,capsule blue pink
9046183.jpg,tablet white
7811453.jpg,tablet white
7811556.jpg,tablet white
4069924.jpg,capsule red yellow
7811205.jpg,tablet white
9042821.jpg,tablet white
9042365.jpg,tablet beige
4300170.jpg,tablet white
7811071.jpg,tablet white
4069959.jpg,capsule blue
7811526.jpg,tablet white
4068315.jpg,tablet blue
9042674.jpg,tablet white
7811491.jpg,tablet green
7811496.jpg,tablet white
7811046.jpg,tablet white
4068320.jpg,tablet green
4069911.jpg,capsule orange white
4069926.jpg,capsule brown
7811436.jpg,tablet orange
9046200.jpg,tablet white
4069907.jpg,capsule blue yellow
9046188.jpg,tablet white
7811396.jpg,tablet green
9041988.jpg,tablet white
9046173.jpg,capsule purple orange
9046143.jpg,tablet green
9046142.jpg,tablet orange
9042920.jpg,tablet white
9042013.jpg,tablet orange
7773104.jpg,capsule green    
7811345.jpg,tablet blue
4063249.jpg,tablet white
7811077.jpg,tablet orange
7811089.jpg,tablet white
4069906.jpg,capsule orange yellow
7811407.jpg,tablet white
7811381.jpg,tablet pink
4300112.jpg,tablet white
9042015.jpg,tablet white
7811049.jpg,tablet white
4068380.jpg,tablet orange
8320111.jpg,tablet beige
7811490.jpg,tablet red
9041983.jpg,tablet white
7811072.jpg,tablet white
7811030.jpg,tablet purple
4068330.jpg,tablet purple
4069932.jpg,capsule red yellow
7811079.jpg,tablet blue
7811439.jpg,tablet orange
7811032.jpg,tablet pink
9046177.jpg,tablet white
7811036.jpg,tablet pink
9041982.jpg,tablet white
7811679.jpg,tablet white
7811635.jpg,tablet pink
7811375.jpg,tablet yellow
9046184.jpg,tablet white
7811047.jpg,tablet white
9046176.jpg,tablet white
9046175.jpg,tablet white
9042009.jpg,tablet white
9042500.jpg,tablet white
7811437.jpg,tablet orange
7811392.jpg,tablet yellow
7811078.jpg,tablet white
7811695.jpg,tablet green
4069934.jpg,capsule orange
9046178.jpg,tablet yellow
4069931.jpg,capsule orange
7811681.jpg,tablet yellow
00555-0980-37_96304B32.jpg,capsule orange
555c5ca5-f83d-1cbe-e054-00144ff88e88.jpg,tablet beige
00555-0792-02_NLMIMAGE10_D641EB0F.jpg,capsule white orange
00527-1350-10_610830D1.jpg,tablet purple
00555-9028-58_NLMIMAGE10_642FB23D.jpg,tablet pink
00555-0095-96_NLMIMAGE10_AF4257C2.jpg,tablet white
00555-0969-02_0C300600.jpg,tablet orange
00555-0606-02_NLMIMAGE10_EC35760B.jpg,tablet white
00555-0484-01_092B84CC.jpg,tablet white
00456-3210-60_B21FD94E.jpg,tablet white
00591-0242-10_C216E157.jpg,tablet white
00527-1341-10_3D081EA0.jpg,tablet orange
00527-1638-01_4F0827D1.jpg,tablet blue
00574-0220-01_0D0886B4.jpg,tablet white
00555-0285-02_F52B7AAB.jpg,tablet white
00555-0096-96_NLMIMAGE10_274213B0.jpg,tablet white
00527-1342-10_41082081.jpg,tablet white
00591-0241-10_8D1B468A.jpg,tablet white
00555-0767-02_NLMIMAGE10_814240B2.jpg,tablet orange
00555-0097-96_NLMIMAGE10_B8425C12.jpg,tablet white
00574-0250-01_BF15DFBE.jpg,tablet white
00574-0112-15_8A08C556.jpg,tablet orange
00527-1345-10_4D082681.jpg,tablet yellow
00555-9131-67_NLMIMAGE10_233611D0.jpg,tablet white
00555-0211-10_C32B61BB.jpg,tablet white
00456-1420-30_44132249.jpg,tablet blue
00555-9012-58_NLMIMAGE10_7F2FBFBD.jpg,tablet orange
555ce88a-3195-3480-e054-00144ff88e88.jpg,tablet orange
00555-0902-02_D01B687B.jpg,tablet yellow
00555-9032-70_NLMIMAGE10_562FAB1D.jpg,tablet yellow
00527-1346-10_47082381.jpg,tablet pink
00555-9012-58_NLMIMAGE10_762FBB3D.jpg,tablet yellow
00536-4544-10_3D0E9E84.jpg,tablet white
00574-0251-01_C215E10F.jpg,tablet white
00555-9016-58_NLMIMAGE10_4D2FA69D.jpg,tablet white
00555-0071-01_BF2B5FAA.jpg,tablet white
00555-0059-02_A62DD30E.jpg,capsule pink
00527-1311-01_2D2696B4.jpg,tablet white
00456-1510-60_011C8094.jpg,tablet pink
00555-9016-58_NLMIMAGE10_492FA48D.jpg,tablet blue
00555-0882-02_9B304DA2.jpg,capsule purple pink
00555-9018-58_NLMIMAGE10_333699F4.jpg,tablet white
00555-0787-02_NLMIMAGE10_B241D93E.jpg,capsule blue
00555-9032-70_NLMIMAGE10_5B2FAD8D.jpg,tablet blue
00555-9032-70_NLMIMAGE10_5F2FAFCD.jpg,tablet brown
00527-1347-10_430821D1.jpg,tablet beige
00456-2010-01_5C1B2E29.jpg,tablet white
00456-3205-60_AA16D556.jpg,tablet orange
00574-0246-01_0107809C.jpg,tablet white
00555-0658-02_NLMIMAGE10_FA41FD3F.jpg,capsule red white
00555-9032-70_NLMIMAGE10_522FA90D.jpg,tablet pink
00555-0485-27_0D2B86DC.jpg,tablet green
00555-0392-02_NLMIMAGE10_EB43F5FF.jpg,tablet white
00527-1535-01_NLMIMAGE10_20471008.jpg,tablet yellow
00456-1550-60_0D1C8694.jpg,tablet white
00555-0066-02_C82B642B.jpg,tablet white
494b88fa-a2bd-4835-e054-00144ff8d46c.jpg,tablet orange
00527-0586-10_6E053729.jpg,capsule blue
00555-0967-02_NLMIMAGE10_58302C71.jpg,tablet white
00527-1315-01_BE0EDF06.jpg,capsule red   
00555-9028-58_NLMIMAGE10_682FB44D.jpg,tablet brown
00527-1344-10_490824D1.jpg,tablet green
00555-9012-58_NLMIMAGE10_7A2FBD4D.jpg,tablet blue
00527-1413-01_F420FA37.jpg,tablet orange
00555-0779-02_4E08A755.jpg,tablet white
00555-0791-02_NLMIMAGE10_B641DB4E.jpg,capsule white blue
00555-9012-58_NLMIMAGE10_832FC1CE.jpg,tablet white
00555-0381-02_NLMIMAGE10_19420CF0.jpg,tablet white
00555-0483-02_002B804C.jpg,tablet yellow
00555-0762-02_NLMIMAGE10_5D422EB1.jpg,tablet white
00555-0094-96_NLMIMAGE10_AA425552.jpg,tablet white
00555-0789-02_NLMIMAGE10_D641EB3F.jpg,capsule orange
00555-0873-02_NLMIMAGE10_BA305D62.jpg,tablet white
00527-1349-10_53082981.jpg,tablet blue
00555-9026-58_NLMIMAGE10_202F901C.jpg,tablet orange
00555-0768-02_NLMIMAGE10_86424322.jpg,tablet orange
00555-0607-02_NLMIMAGE10_3F2F1F98.jpg,tablet white
00555-9131-67_NLMIMAGE10_1E360F30.jpg,tablet yellow
00555-0765-02_NLMIMAGE10_734239C1.jpg,tablet orange
00555-0324-02_DE2B6F6B.jpg,capsule yellow pink
00555-0171-78_NLMIMAGE10_8E35C70E.jpg,tablet white
00555-0382-02_NLMIMAGE10_22421140.jpg,tablet white
00555-0286-02_F92B7CEB.jpg,tablet white
00555-0953-02_NLMIMAGE10_E341F1CF.jpg,tablet orange
00527-1324-10_BF055FDA.jpg,tablet yellow
00555-9018-58_NLMIMAGE10_2A369574.jpg,tablet blue
00555-9018-58_NLMIMAGE10_253692A4.jpg,tablet blue
00555-9025-42_NLMIMAGE10_F22F796B.jpg,tablet yellow
00555-0323-02_E72B73EB.jpg,capsule yellow red
00555-0727-02_5405AA7D.jpg,tablet yellow
549d9cc4-13de-57ad-e054-00144ff8d46c.jpg,tablet yellow
00555-0763-02_NLMIMAGE10_66423301.jpg,tablet blue
00555-0766-02_NLMIMAGE10_78423C31.jpg,tablet orange
00555-0572-35_1B2B8DCC.jpg,tablet yellow
00527-1393-30_BB0EDDB6.jpg,capsule red
00536-3985-10_4808A455.jpg,tablet white
00555-0997-02_B107D88E.jpg,tablet yellow
00555-9027-42_NLMIMAGE10_F72F7BDB.jpg,tablet pink
00555-0617-62_F40DFA1F.jpg,tablet white
00555-0098-96_NLMIMAGE10_BD425E82.jpg,tablet white
00555-0790-02_NLMIMAGE10_D141E8CF.jpg,capsule blue orange
00555-0302-02_E22B717B.jpg,capsule yellow red
00527-1050-01_A212D146.jpg,tablet white
00555-9026-58_NLMIMAGE10_1B2F8DDC.jpg,tablet yellow
00527-1352-01_670833D1.jpg,tablet green
00555-0252-02_162B8B5C.jpg,tablet white
00555-9018-58_NLMIMAGE10_2F369784.jpg,tablet blue
00527-1537-30_2215915C.jpg,tablet yellow
68462-0260-05_19128CD4.jpg,tablet orange
1439986.jpg,capsule purple white
60757.jpg,tablet beige
68462-0195-90_000E0010.jpg,tablet yellow
68462-0208-01_7A1B3D59.jpg,tablet red
60793-0853-01_FA087D23.jpg,tablet yellow
60505-1308_4F21A7DD.jpg,tablet white
60793-0858-01_02088174.jpg,tablet blue
60793-0854-01_FC087E73.jpg,tablet yellow
61570-0081-01_4D1DA69D.jpg,tablet blue
68462-0224-01_9216C956.jpg,tablet white
1490031.jpg,capsule red yellow
1490471.jpg,tablet yellow
60505-2676-03_NLMIMAGE10_1C490E68.jpg,tablet white
60505-2671-09_AB1DD5AE.jpg,tablet white
60505-2581-00_NLMIMAGE10_003A8024.jpg,tablet white
62756-0146-86_C10EE087.jpg,capsule orange
60505-0094-00_2F0597EC.jpg,tablet white
59762-0812-01_NLMIMAGE10_B83C5C32.jpg,tablet blue
60505-3562-09_NLMIMAGE10_A33A51D2.jpg,tablet yellow
60505-3674-03_DC086E23.jpg,tablet pink
62175-0485-37_9012C816.jpg,capsule white purple
68462-0231-10_NLMIMAGE10_0B45858C.jpg,capsule purple   
68462-0223-01_NLMIMAGE10_7F40BFC5.jpg,tablet orange
1439994.jpg,capsule orange
1490470.jpg,tablet white
60505-0146-00_SPLIMAGE30_46292339.jpg,capsule orange white
59762-1020-01_6E03B71D.jpg,capsule black pink
60505-3758-09_NLMIMAGE10_8C384622.jpg,tablet orange
62037-0559-01_F30E7993.jpg,capsule white    
68462-0235-01_NLMIMAGE10_693B3489.jpg,tablet red
60505-2648-07_NLMIMAGE10_853CC2F6.jpg,capsule blue
60705.jpg,tablet orange
61442-0322-05_NLMIMAGE10_DB446D93.jpg,tablet orange
60505-0185-00_27269384.jpg,tablet pink
60429-202_M_LH2.jpg,tablet yellow
60505-3723-01_NLMIMAGE10_2841943C.jpg,tablet white
62756-0798-13_NLMIMAGE10_AF39D7CE.jpg,tablet pink
60505-5307-01_4D26A6D5.jpg,tablet white
63010-0010-30_691934D9.jpg,tablet blue
62756-0711-86_850EC286.jpg,tablet yellow
62175-0271-37_CD0866A3.jpg,tablet white
60071.jpg,tablet orange
60573.jpg,capsule white
60505-2649-07_NLMIMAGE10_80384052.jpg,capsule green white
59762-1301-01_292114A8.jpg,tablet pink
60072.jpg,tablet blue
62756-0131-01_A8085472.jpg,tablet yellow
59762-0811-01_NLMIMAGE10_F740FB97.jpg,tablet blue
61442-0103-01_NLMIMAGE10_BA39DD6E.jpg,tablet white
63304-0191-30_NLMIMAGE10_AA405562.jpg,tablet orange
60505-2675-03_NLMIMAGE10_214910A8.jpg,tablet yellow
1490009.jpg,capsule yelllow
60951.jpg,tablet white
60571.jpg,capsule white
60740.jpg,tablet yellow
1490030.jpg,capsule orange yellow
60505-3255-03_NLMIMAGE10_A0385072.jpg,tablet orange
60505-0042-06_NLMIMAGE10_D2386903.jpg,capsule blue white
60275.jpg,tablet orange
1490478.jpg,tablet blue
60793-0860-01_251612E0.jpg,tablet pink
60793-0115-01_7B133DA9.jpg,tablet white
62756-0519-13_NLMIMAGE10_973FCBCE.jpg,tablet blue
60505-2650-07_NLMIMAGE10_7B383D81.jpg,capsule blue
60078.jpg,tablet blue
60461.jpg,capsule white
60505-3673-03_E2087123.jpg,tablet yellow
68462-0248-05_5E12AF25.jpg,tablet red
61958-1001-01_NLMIMAGE10_E31C7193.jpg,tablet orange
62756-0356-60_NLMIMAGE10_823C4132.jpg,tablet white
68462-0190-05_7B12BD95.jpg,tablet orange
60726.jpg,tablet yellow
60793-0859-01_00088024.jpg,tablet green
62756-0511-83_NLMIMAGE10_BD445EF2.jpg,tablet brown
62756-0552-88_NLMIMAGE10_9D3C4EB2.jpg,tablet yellow
62756-0712-86_890EC4C6.jpg,tablet red
60505-3638-03_NLMIMAGE10_A83F543A.jpg,tablet white
68462-0233-01_NLMIMAGE10_1E3E0F60.jpg,tablet green
60543.jpg,tablet orange
63304-0539-10_NLMIMAGE10_DB396DAB.jpg,tablet white
63010-0027-70_141B8A3C.jpg,tablet white
60505-2677-03_NLMIMAGE10_5D48AE95.jpg,tablet orange
60505-0065-00_SPLIMAGE30_412920F9.jpg,capsule red pink
62756-0370-88_NLMIMAGE10_893F449A.jpg,tablet yellow
62037-0524-05_B015D80E.jpg,tablet white
1490033.jpg,capsule orange yellow
62175-0272-37_C90864F3.jpg,tablet white
61442-0112-01_BF03DFFE.jpg,tablet white
60505-2580-09_9B1DCDFE.jpg,tablet white
60429-203_M_LH3.jpg,tablet green
59762-1417-03_7F08BFB5.jpg,tablet orange
62756-0147-86_C10EE0B7.jpg,capsule orange
63304-0537-01_C2206103.jpg,tablet yellow
61958-0401-01_B81DDC0E.jpg,tablet blue
60258-0162-01_910EC886.jpg,capsule black  
61442-0172-30_NLMIMAGE10_19458CAC.jpg,capsule blue orange
60505-3145-01_NLMIMAGE10_F13AF8E7.jpg,capsule white
63304-0192-30_NLMIMAGE10_9544CA96.jpg,tablet red
61442-0127-10_CF16E787.jpg,tablet yellow
1439951.jpg,tablet pink
62175-0486-37_8D12C6C6.jpg,capsule pink
63044-0631-19_NLMIMAGE10_23409194.jpg,capsule red
62037-0571-10_D408EA17.jpg,tablet white
62175-0270-37_C70863A3.jpg,tablet white
62756-0430-88_NLMIMAGE10_ED4476C3.jpg,tablet white
62756-0185-88_BE085F22.jpg,tablet orange
60711.jpg,tablet orange
60505-3759-09_NLMIMAGE10_8E384742.jpg,tablet yellow
59762-1416-03_4704A3C5.jpg,tablet yellow
60258-0850-01_DC156E1B.jpg,tablet white
60505-2966-07_NLMIMAGE10_923EC936.jpg,tablet pink
60080.jpg,tablet green
68462-0209-01_NLMIMAGE10_123C8934.jpg,tablet pink
62756-0143-01_E408F257.jpg,tablet orange
60735.jpg,tablet orange
62541-0302-30_NLMIMAGE10_E03D700B.jpg,tablet yellow
61442-0126-10_5B08ADB5.jpg,tablet yellow
60081.jpg,tablet blue
61442-0142-01_8916C4A6.jpg,tablet white
60505-2673-03_NLMIMAGE10_D648EB27.jpg,tablet blue
62756-0523-88_NLMIMAGE10_2A3A1510.jpg,tablet blue
60732.jpg,tablet green
60773.jpg,tablet orange
63304-0504-01_9F12CF96.jpg,tablet white
60505-3454-06_NLMIMAGE10_714338C9.jpg,tablet yellow
60505-3849-05_NLMIMAGE10_7F4ABFE5.jpg,capsule white
61442-0143-10_9816CC56.jpg,tablet white
62856-0247-90_C412E257.jpg,tablet red
60429-201_M_LH1.jpg,tablet white
60745.jpg,tablet white
62756-0554-88_NLMIMAGE10_A63C5302.jpg,tablet yellow
60117.jpg,tablet yellow
62756-0130-01_A6085322.jpg,tablet white
61958-0701-01_4A1DA54D.jpg,tablet blue
59762-1050-02_14040A30.jpg,tablet pink
62037-0560-05_F50E7AE3.jpg,capsule blue
60505-0209-01_NLMIMAGE10_5A462D51.jpg,tablet pink
62175-0487-37_9012C846.jpg,capsule purple pink
60793-0136-05_C31D61FB.jpg,tablet pink
1490008.jpg,capsule yellow
1490007.jpg,capsule white
62756-0184-18_AE085772.jpg,tablet orange
60505-2656-05_NLMIMAGE10_A43ED236.jpg,tablet green
60505-3848-01_NLMIMAGE10_37489BA4.jpg,capsule white
60505-2657-01_NLMIMAGE10_513EA895.jpg,tablet yellow
62756-0368-88_NLMIMAGE10_28469444.jpg,tablet pink
62037-0598-05_1B158DCC.jpg,capsule orange yellow
68462-0249-20_8E0EC736.jpg,tablet red
62037-0577-01_10210878.jpg,tablet yellow
2282752.jpg,tablet white
2283083.jpg,tablet white
3780042.jpg,tablet blue
1850039.jpg,tablet white
3780053.jpg,tablet green
2282530.jpg,capsule orange
2583687.jpg,capsule purple
1431477.jpg,tablet orange
1850047.jpg,tablet white
1431763.jpg,tablet white
3780027.jpg,tablet yellow
3100284.jpg,tablet white
1490471.jpg,tablet yellow
2282636.jpg,tablet white
2282673.jpg,tablet white
2282579.jpg,capsule green grey
2282723.jpg,tablet pink
1850055.jpg,tablet blue
3100604.jpg,tablet white
1730829.jpg,tablet orange
3780086.jpg,tablet pink
938164.jpg,tablet yellow
1350461.jpg,capsule blue
1690082.jpg,tablet yellow
3780073.jpg,tablet purple
1431172.jpg,tablet white
2282778.jpg,capsule white yellow
2450147.jpg,tablet pink
1730750.jpg,tablet blue
2283087.jpg,tablet yellow
1730446.jpg,tablet white
1431174.jpg,tablet white
3780076.jpg,tablet yellow
3780055.jpg,tablet green
935270.jpg,tablet pink
3100402.jpg,tablet white
1730447.jpg,tablet yellow
3780083.jpg,tablet orange
1850123.jpg,tablet white
1431176.jpg,tablet white
1431265.jpg,tablet white
2583689.jpg,capsule purple green
3100705.jpg,tablet white
3780087.jpg,tablet blue
1151150.jpg,tablet white
3780045.jpg,tablet white
1850128.jpg,tablet green
1431764.jpg,tablet white
1730813.jpg,tablet green
1850041.jpg,tablet white
1730810.jpg,tablet purple
2283084.jpg,tablet yellow
2282620.jpg,tablet blue
1431115.jpg,tablet white
1431480.jpg,tablet white
1850042.jpg,tablet white
3780084.jpg,tablet white
3780047.jpg,tablet white
1152790.jpg,tablet white
2282538.jpg,tablet blue
1439994.jpg,capsule orange
1490007.jpg,capsule white   
1490710.jpg,capsule black yellow
3780092.jpg,tablet white
1151152.jpg,tablet white
2282820.jpg,tablet orange
1490031.jpg,capsule orange red
3100275.jpg,tablet orange
2282878.jpg,tablet green
1850025.jpg,tablet white
1490033.jpg,capsule orange yellow
1850022.jpg,tablet white
1431266.jpg,tablet orange
1788250.jpg,tablet red
3100278.jpg,tablet white
1152611.jpg,tablet white
1490478.jpg,tablet blue
2450087.jpg,capsule blue
935351.jpg,tablet yellow
1730804.jpg,tablet white
2583688.jpg,capsule white green
2282879.jpg,tablet blue
1723926.jpg,tablet yellow
935285.jpg,tablet orange
2282780.jpg,capsule grey yellow
1850040.jpg,tablet white
1850070.jpg,tablet orange
1431270.jpg,tablet yellow
1152622.jpg,tablet white
2282631.jpg,tablet blue
1730826.jpg,capule white red
1152011.jpg,tablet white
938192.jpg,tablet green
1431195.jpg,tablet white
3100283.jpg,tablet yellow
3780078.jpg,tablet blue
2282667.jpg,capsule brown orange
2282578.jpg,capsule green   
2282801.jpg,tablet white
1850104.jpg,tablet yellow
3780060.jpg,tablet white
1431264.jpg,tablet orange
3780030.jpg,tablet blue
2282672.jpg,tablet white
3780080.jpg,tablet white
1431290.jpg,tablet white
2450086.jpg,capsule blue
3100134.jpg,tablet yellow
3780070.jpg,tablet yellow
1130054.jpg,tablet white
1431173.jpg,tablet white
1730809.jpg,capsule yellow red
1690092.jpg,tablet orange
1850072.jpg,tablet blue
2282665.jpg,capsule brown white
2583613.jpg,tablet yellow
2282597.jpg,tablet orange
2282599.jpg,tablet blue
2282637.jpg,tablet white
1439951.jpg,tablet pink
1850111.jpg,tablet blue
1730828.jpg,tablet orange
2284025.jpg,tablet yellow
1725312.jpg,tablet white
3780048.jpg,tablet white
3100401.jpg,tablet white
2282635.jpg,tablet yellow
1850010.jpg,tablet white
1730470.jpg,tablet white
2450144.jpg,tablet orange
1431261.jpg,tablet white
938166.jpg,tablet white
1431767.jpg,tablet white
2284022.jpg,tablet white
1730754.jpg,tablet yellow white
1490470.jpg,tablet white
3100600.jpg,tablet white
2282753.jpg,tablet blue
1730812.jpg,tablet yellow
1439986.jpg,capsule purple white
1780900.jpg,tablet white
2284024.jpg,tablet yellow
935510.jpg,tablet yellow
1431171.jpg,tablet white
3100145.jpg,tablet orange
3780088.jpg,tablet purple
1730823.jpg,capsule white
3100280.jpg,tablet orange
1431267.jpg,tablet orange
2284417.jpg,tablet orange
1788500.jpg,tablet red
1730714.jpg,tablet white
2282666.jpg,capsule brown yellow
1850074.jpg,tablet white
1821113.jpg,tablet orange
2282571.jpg,tablet white
1431025.jpg,tablet white
1431773.jpg,tablet blue
1431772.jpg,tablet green
1431277.jpg,tablet yellow
1680482.jpg,tablet white
3100754.jpg,tablet orange
1431769.jpg,tablet white
1151246.jpg,tablet yellow
3780085.jpg,tablet yellow
1150522.jpg,capsule white
1723927.jpg,tablet white
2283086.jpg,tablet green
2450145.jpg,tablet yellow
2283005.jpg,tablet white
2282781.jpg,capsule grey   
2284019.jpg,tablet white
3780032.jpg,tablet pink
2282837.jpg,tablet blue
1150511.jpg,capsule yellow  
1151151.jpg,tablet white
3100201.jpg,tablet white
939477.jpg,tablet white
1431455.jpg,tablet white
3100117.jpg,tablet white
1431262.jpg,tablet blue
1850017.jpg,tablet white
1850118.jpg,tablet white
938165.jpg,tablet white
3780081.jpg,tablet white
3780040.jpg,tablet orange
1821093.jpg,tablet brown
2282588.jpg,capsule grey
20180323_205532.jpg,tablet white
20180506_154619.jpg,tablet blue
20180612_202730.jpg,tablet green
20180324_145325.jpg,tablet orange
20180324_165818.jpg,tablet white
20180323_204502.jpg,tablet white
20180324_165506.jpg,tablet white
20180616_153240.jpg,capsule blue white
20180616_170306.jpg,tablet white
20180324_163155.jpg,tablet white
20180612_202236.jpg,tablet blue
20180616_150048.jpg,tablet white
20180612_202728.jpg,tablet white
20180324_165456.jpg,tablet white
20180323_205514.jpg,tablet white
20180616_154100.jpg,tablet blue
20180616_170311.jpg,tablet white
20180506_154802.jpg,tablet pink
20180616_153245.jpg,capsule blue white
20180612_201243.jpg,capsule blue yellow
20180616_153243.jpg,capsule white blue
20180616_170313.jpg,tablet white
20180612_201705.jpg,capsule yellow blue
20180616_153247.jpg,capsule white blue
20180612_202805.jpg,tablet white
20180324_165810.jpg,tablet yellow
20180612_202235.jpg,tablet blue
20180506_154756.jpg,tablet pink
20180612_201704.jpg,capsule yellow blue
20180324_165512.jpg,tablet white
20180616_170303.jpg,tablet white
20180616_150051.jpg,tablet white
20180612_201249.jpg,capsule blue yellow
20180324_145316.jpg,tablet white
20180506_154623.jpg,tablet green
20180616_153241.jpg,capsule white blue
20180506_154649.jpg,tablet green
20180616_150053.jpg,tablet brown
20180616_150055.jpg,tablet brown
20180324_165813.jpg,tablet yellow
20180506_154825.jpg,tablet orange
20180324_163109.jpg,tablet white
20180612_202231.jpg,tablet blue
20180616_154052.jpg,tablet blue
20180323_204521.jpg,tablet white
20180324_171349.jpg,tablet white
20180323_205521.jpg,tablet white
20180616_154054.jpg,tablet green
20180324_163150.jpg,tablet white
20180612_202230.jpg,tablet blue
20180612_202808.jpg,tablet white
20180616_154057.jpg,tablet blue
20180324_145305.jpg,tablet white
20180612_201658.jpg,capsule yellow blue
20180324_171336.jpg,tablet white
20180612_201236.jpg,capsule blue yellow
20180324_171313.jpg,tablet orange
20180612_201246.jpg,capsule blue yellow
20180612_201523.jpg,capsule blue yellow
20180506_154800.jpg,tablet pink
20180510_203856.jpg,tablet white
20180510_203602.jpg,tablet white
20180510_203611.jpg,tablet white
20180505_164507.jpg,tablet white
20180506_135910.jpg,tablet blue
20180324_164946.jpg,tablet orange
20180324_164557.jpg,tablet white
20180324_164346.jpg,tablet orange
20180422_171851.jpg,capsule blue
20180510_203206.jpg,capsule yellow white
20180408_171718.jpg,capsule green
20180422_175017.jpg,capsule yellow  
20180602_100008.jpg,capsule green
20180510_203112.jpg,capsule white orange
20180506_164130.jpg,tablet yellow
20180506_163809.jpg,tablet yellow
20180422_171242.jpg,capsule grey pink
20180422_175059.jpg,capsule yelllow
20180602_100003.jpg,capsule green
20180422_175354.jpg,capsule white green
20180422_175310.jpg,capsule white green
20180510_203117.jpg,capsule white orange
20180506_163813.jpg,tablet yellow
20180510_203127.jpg,capsule white orange
20180408_170326.jpg,capsule yellow
20180602_130109.jpg,capsule green
20180408_172141.jpg,capsue white blue
20180422_175010.jpg,capsule white
20180506_164140.jpg,tablet yellow
20180408_172625.jpg,capsule blue white
20180408_172143.jpg,capsule blue white
20180510_202835.jpg,capsule blue white
20180510_202911.jpg,capsule blue white
20180506_164138.jpg,tablet yellow
20180408_170322.jpg,capsule yellow
20180506_135050.jpg,tablet pink
20180506_135944.jpg,tablet white
20180422_174352.jpg,capsule blue
20180408_175443.jpg,tablet red
20180422_175311.jpg,capsule white blue
20180510_202909.jpg,capsule blue white
20180408_175411.jpg,tablet red
20180506_135053.jpg,tablet pink
20180408_172300.jpg,capsule blue white
20180510_203610.jpg,tablet white
20180422_174901.jpg,capsule yellow
20180505_164502.jpg,tablet white
20180422_171852.jpg,capsule blue
20180505_164415.jpg,tablet white
20180510_203606.jpg,tablet white
20180422_175055.jpg,capsule yellow
20180422_175352.jpg,capsule white green
20180324_164954.jpg,tablet white
20180506_135949.jpg,tablet green
20180408_175314.jpg,tablet orange
20180510_202834.jpg,capsule blue white
20180408_175519.jpg,tablet orange
20180602_130106.jpg,capsule green
20180602_095950.jpg,capsule green
20180422_174346.jpg,capsule green
20180510_203903.jpg,tablet white
20180408_175324.jpg,tablet orange
20180506_135913.jpg,tablet blue
20180408_175441.jpg,tablet red
20180408_172209.jpg,capsule blue yellow
20180506_164057.jpg,tablet white
20180422_174344.jpg,capsule  blue green
20180408_171720.jpg,capsule green
20180422_172853.jpg,capsule blue
20180506_164052.jpg,tablet yellow
20180506_164134.jpg,tablet white
20180602_130120.jpg,capsule green
20180422_171142.jpg,capsule white pink
20180324_164603.jpg,tablet yellow
20180510_203110.jpg,capsule white orange
20180506_134904.jpg,tablet white
20180408_175413.jpg,tablet red
20180422_171154.jpg,capsule white pink
20180408_172626.jpg,capsule blue white
20180510_202917.jpg,capsule blue white
20180408_172257.jpg,capsule blue white
20180422_171235.jpg,capsule grey pink
20180422_171922.jpg,capsule blue
20180510_203207.jpg,capsule yellow white
20180422_171241.jpg,capsule grey pink
20180602_130116.jpg,capsule green
20180510_203854.jpg,tablet white
20180324_164406.jpg,tablet white
20180422_174858.jpg,capsule yellow
20180506_134902.jpg,tablet white
20180408_175522.jpg,tablet orange
20180422_174419.jpg,capsule blue
20180422_171921.jpg,capsule blue
20180408_170206.jpg,capsule white
20180506_135948.jpg,tablet blue
20180510_202828.jpg,capsule blue white
20180506_135909.jpg,tablet blue
20180408_172213.jpg,capsule blue white
20180408_170209.jpg,capsule yellow
20180505_164410.jpg,tablet white
20180510_203905.jpg,tablet white
20180602_100016.jpg,capsule white blue
20180422_171137.jpg,capsule grey pink
20180422_174354.jpg,capsule blue green
20180422_174418.jpg,capsule blue
